method,seed,n_features,accuracy,precision,recall,f1,auroc,tpr_at_fpr_10,tpr_at_fpr_5
full,13,37,1.0,1.0,1.0,1.0,1.0,1.0,1.0
full,21,37,1.0,1.0,1.0,1.0,1.0,1.0,1.0
full,42,37,1.0,1.0,1.0,1.0,1.0,1.0,1.0
full,87,37,1.0,1.0,1.0,1.0,1.0,1.0,1.0
full,101,37,1.0,1.0,1.0,1.0,1.0,1.0,1.0
lexical_style_only,13,7,1.0,1.0,1.0,1.0,1.0,1.0,1.0
lexical_style_only,21,7,1.0,1.0,1.0,1.0,1.0,1.0,1.0
lexical_style_only,42,7,1.0,1.0,1.0,1.0,1.0,1.0,1.0
lexical_style_only,87,7,1.0,1.0,1.0,1.0,1.0,1.0,1.0
lexical_style_only,101,7,1.0,1.0,1.0,1.0,1.0,1.0,1.0
tree_topology_only,13,5,1.0,1.0,1.0,1.0,1.0,1.0,1.0
tree_topology_only,21,5,1.0,1.0,1.0,1.0,1.0,1.0,1.0
tree_topology_only,42,5,1.0,1.0,1.0,1.0,1.0,1.0,1.0
tree_topology_only,87,5,1.0,1.0,1.0,1.0,1.0,1.0,1.0
tree_topology_only,101,5,1.0,1.0,1.0,1.0,1.0,1.0,1.0
discourse_relation_labels_only,13,14,1.0,1.0,1.0,1.0,1.0,1.0,1.0
discourse_relation_labels_only,21,14,1.0,1.0,1.0,1.0,1.0,1.0,1.0
discourse_relation_labels_only,42,14,1.0,1.0,1.0,1.0,1.0,1.0,1.0
discourse_relation_labels_only,87,14,1.0,1.0,1.0,1.0,1.0,1.0,1.0
discourse_relation_labels_only,101,14,1.0,1.0,1.0,1.0,1.0,1.0,1.0
nucleus_satellite_only,13,3,1.0,1.0,1.0,1.0,1.0,1.0,1.0
nucleus_satellite_only,21,3,1.0,1.0,1.0,1.0,1.0,1.0,1.0
nucleus_satellite_only,42,3,1.0,1.0,1.0,1.0,1.0,1.0,1.0
nucleus_satellite_only,87,3,1.0,1.0,1.0,1.0,1.0,1.0,1.0
nucleus_satellite_only,101,3,1.0,1.0,1.0,1.0,1.0,1.0,1.0
domain_cues_only,13,2,0.69,0.6196319018404908,1.0,0.7651515151515151,0.3737373737373737,0.0,0.0
domain_cues_only,21,2,0.465,0.47692307692307695,0.6138613861386139,0.5367965367965368,0.4531453145314531,0.0,0.0
domain_cues_only,42,2,0.54,0.5343511450381679,0.693069306930693,0.603448275862069,0.38383838383838387,0.0,0.0
domain_cues_only,87,2,0.51,0.5111111111111111,0.6831683168316832,0.5847457627118644,0.33333333333333337,0.0,0.0
domain_cues_only,101,2,0.53,0.5275590551181102,0.6633663366336634,0.5877192982456141,0.3939393939393939,0.0,0.0
discourse_only,13,22,1.0,1.0,1.0,1.0,1.0,1.0,1.0
discourse_only,21,22,1.0,1.0,1.0,1.0,1.0,1.0,1.0
discourse_only,42,22,1.0,1.0,1.0,1.0,1.0,1.0,1.0
discourse_only,87,22,1.0,1.0,1.0,1.0,1.0,1.0,1.0
discourse_only,101,22,1.0,1.0,1.0,1.0,1.0,1.0,1.0
jkrhm_without_discourse,13,5,1.0,1.0,1.0,1.0,1.0,1.0,1.0
jkrhm_without_discourse,21,5,1.0,1.0,1.0,1.0,1.0,1.0,1.0
jkrhm_without_discourse,42,5,1.0,1.0,1.0,1.0,1.0,1.0,1.0
jkrhm_without_discourse,87,5,1.0,1.0,1.0,1.0,1.0,1.0,1.0
jkrhm_without_discourse,101,5,1.0,1.0,1.0,1.0,1.0,1.0,1.0
jkrhm_plus_discourse,13,28,1.0,1.0,1.0,1.0,1.0,1.0,1.0
jkrhm_plus_discourse,21,28,1.0,1.0,1.0,1.0,1.0,1.0,1.0
jkrhm_plus_discourse,42,28,1.0,1.0,1.0,1.0,1.0,1.0,1.0
jkrhm_plus_discourse,87,28,1.0,1.0,1.0,1.0,1.0,1.0,1.0
jkrhm_plus_discourse,101,28,1.0,1.0,1.0,1.0,1.0,1.0,1.0
no_lexical_style,13,30,1.0,1.0,1.0,1.0,1.0,1.0,1.0
no_lexical_style,21,30,1.0,1.0,1.0,1.0,1.0,1.0,1.0
no_lexical_style,42,30,1.0,1.0,1.0,1.0,1.0,1.0,1.0
no_lexical_style,87,30,1.0,1.0,1.0,1.0,1.0,1.0,1.0
no_lexical_style,101,30,1.0,1.0,1.0,1.0,1.0,1.0,1.0
no_domain_cues,13,35,1.0,1.0,1.0,1.0,1.0,1.0,1.0
no_domain_cues,21,35,1.0,1.0,1.0,1.0,1.0,1.0,1.0
no_domain_cues,42,35,1.0,1.0,1.0,1.0,1.0,1.0,1.0
no_domain_cues,87,35,1.0,1.0,1.0,1.0,1.0,1.0,1.0
no_domain_cues,101,35,1.0,1.0,1.0,1.0,1.0,1.0,1.0
no_nucleus_satellite,13,34,1.0,1.0,1.0,1.0,1.0,1.0,1.0
no_nucleus_satellite,21,34,1.0,1.0,1.0,1.0,1.0,1.0,1.0
no_nucleus_satellite,42,34,1.0,1.0,1.0,1.0,1.0,1.0,1.0
no_nucleus_satellite,87,34,1.0,1.0,1.0,1.0,1.0,1.0,1.0
no_nucleus_satellite,101,34,1.0,1.0,1.0,1.0,1.0,1.0,1.0
no_relation_labels,13,23,1.0,1.0,1.0,1.0,1.0,1.0,1.0
no_relation_labels,21,23,1.0,1.0,1.0,1.0,1.0,1.0,1.0
no_relation_labels,42,23,1.0,1.0,1.0,1.0,1.0,1.0,1.0
no_relation_labels,87,23,1.0,1.0,1.0,1.0,1.0,1.0,1.0
no_relation_labels,101,23,1.0,1.0,1.0,1.0,1.0,1.0,1.0
no_topology,13,32,1.0,1.0,1.0,1.0,1.0,1.0,1.0
no_topology,21,32,1.0,1.0,1.0,1.0,1.0,1.0,1.0
no_topology,42,32,1.0,1.0,1.0,1.0,1.0,1.0,1.0
no_topology,87,32,1.0,1.0,1.0,1.0,1.0,1.0,1.0
no_topology,101,32,1.0,1.0,1.0,1.0,1.0,1.0,1.0
