method,n_runs,accuracy_mean,accuracy_std,accuracy_ci95_low,accuracy_ci95_high,precision_mean,precision_std,precision_ci95_low,precision_ci95_high,recall_mean,recall_std,recall_ci95_low,recall_ci95_high,f1_mean,f1_std,f1_ci95_low,f1_ci95_high,auroc_mean,auroc_std,auroc_ci95_low,auroc_ci95_high,tpr_at_fpr_10_mean,tpr_at_fpr_10_std,tpr_at_fpr_10_ci95_low,tpr_at_fpr_10_ci95_high,tpr_at_fpr_5_mean,tpr_at_fpr_5_std,tpr_at_fpr_5_ci95_low,tpr_at_fpr_5_ci95_high
discourse_only,5,1.0,0.0,1.0,1.0,1.0,0.0,1.0,1.0,1.0,0.0,1.0,1.0,1.0,0.0,1.0,1.0,1.0,0.0,1.0,1.0,1.0,0.0,1.0,1.0,1.0,0.0,1.0,1.0
discourse_relation_labels_only,5,1.0,0.0,1.0,1.0,1.0,0.0,1.0,1.0,1.0,0.0,1.0,1.0,1.0,0.0,1.0,1.0,1.0,0.0,1.0,1.0,1.0,0.0,1.0,1.0,1.0,0.0,1.0,1.0
full,5,1.0,0.0,1.0,1.0,1.0,0.0,1.0,1.0,1.0,0.0,1.0,1.0,1.0,0.0,1.0,1.0,1.0,0.0,1.0,1.0,1.0,0.0,1.0,1.0,1.0,0.0,1.0,1.0
jkrhm_plus_discourse,5,1.0,0.0,1.0,1.0,1.0,0.0,1.0,1.0,1.0,0.0,1.0,1.0,1.0,0.0,1.0,1.0,1.0,0.0,1.0,1.0,1.0,0.0,1.0,1.0,1.0,0.0,1.0,1.0
jkrhm_without_discourse,5,1.0,0.0,1.0,1.0,1.0,0.0,1.0,1.0,1.0,0.0,1.0,1.0,1.0,0.0,1.0,1.0,1.0,0.0,1.0,1.0,1.0,0.0,1.0,1.0,1.0,0.0,1.0,1.0
lexical_style_only,5,1.0,0.0,1.0,1.0,1.0,0.0,1.0,1.0,1.0,0.0,1.0,1.0,1.0,0.0,1.0,1.0,1.0,0.0,1.0,1.0,1.0,0.0,1.0,1.0,1.0,0.0,1.0,1.0
no_relation_labels,5,1.0,0.0,1.0,1.0,1.0,0.0,1.0,1.0,1.0,0.0,1.0,1.0,1.0,0.0,1.0,1.0,1.0,0.0,1.0,1.0,1.0,0.0,1.0,1.0,1.0,0.0,1.0,1.0
no_domain_cues,5,1.0,0.0,1.0,1.0,1.0,0.0,1.0,1.0,1.0,0.0,1.0,1.0,1.0,0.0,1.0,1.0,1.0,0.0,1.0,1.0,1.0,0.0,1.0,1.0,1.0,0.0,1.0,1.0
no_lexical_style,5,1.0,0.0,1.0,1.0,1.0,0.0,1.0,1.0,1.0,0.0,1.0,1.0,1.0,0.0,1.0,1.0,1.0,0.0,1.0,1.0,1.0,0.0,1.0,1.0,1.0,0.0,1.0,1.0
no_nucleus_satellite,5,1.0,0.0,1.0,1.0,1.0,0.0,1.0,1.0,1.0,0.0,1.0,1.0,1.0,0.0,1.0,1.0,1.0,0.0,1.0,1.0,1.0,0.0,1.0,1.0,1.0,0.0,1.0,1.0
nucleus_satellite_only,5,1.0,0.0,1.0,1.0,1.0,0.0,1.0,1.0,1.0,0.0,1.0,1.0,1.0,0.0,1.0,1.0,1.0,0.0,1.0,1.0,1.0,0.0,1.0,1.0,1.0,0.0,1.0,1.0
no_topology,5,1.0,0.0,1.0,1.0,1.0,0.0,1.0,1.0,1.0,0.0,1.0,1.0,1.0,0.0,1.0,1.0,1.0,0.0,1.0,1.0,1.0,0.0,1.0,1.0,1.0,0.0,1.0,1.0
tree_topology_only,5,1.0,0.0,1.0,1.0,1.0,0.0,1.0,1.0,1.0,0.0,1.0,1.0,1.0,0.0,1.0,1.0,1.0,0.0,1.0,1.0,1.0,0.0,1.0,1.0,1.0,0.0,1.0,1.0
domain_cues_only,5,0.547,0.08497058314499198,0.47252000000000005,0.62148,0.5339152580061913,0.05281115451090363,0.4876242400751943,0.5802062759371884,0.7306930693069308,0.1536090033468891,0.5960488413185931,0.8653372972952684,0.6155722777535197,0.08725339469446541,0.5390913052061777,0.6920532503008618,0.3875987598759876,0.043265371369641877,0.34967498978590494,0.4255225299660702,0.0,0.0,0.0,0.0,0.0,0.0,0.0,0.0
